{"measurements": {"I1": 4.2177e-10, "keithley": -9.99938e-06, "I3": 4.4875e-10, "I2": 3.39728e-09, "I4": 4.3603e-10}, "compliances": {"I1": 3e-06, "keithley": 1e-05, "I3": 3e-06, "I2": 3e-06, "I4": 3e-06}, "voltages": [0.0, -2.0, -4.0, -6.0, -8.0, -10.0, -12.0, -14.0, -16.0, -18.0, -20.0, -22.0, -24.0, -26.0, -28.0, -30.0, -32.0]}