{"measurements": {"I1": 1.448e-11, "keithley": -1.21097e-09, "I3": -1.702e-11, "I2": 1.05052e-09, "I4": -4.94e-12}, "compliances": {"I1": 3e-06, "keithley": 0.0001, "I3": 3e-06, "I2": 3e-06, "I4": 3e-06}, "voltages": [0.0]}