{"measurements": {"I1": 1.543e-11, "keithley": -8.32439e-09, "I3": 5.042e-11, "I2": 1.27824e-09, "I4": 1.118e-11}, "compliances": {"I1": 3e-06, "keithley": 1e-05, "I3": 3e-06, "I2": 3e-06, "I4": 3e-06}, "voltages": [0.0]}