{"measurements": {"I1": 1.96601e-08, "keithley": -4.99858e-07, "I3": 1.9722e-08, "I2": 1.9849e-08, "I4": 1.96061e-08}, "compliances": {"I1": 3e-06, "keithley": 0.0001, "I3": 3e-06, "I2": 3e-06, "I4": 3e-06}, "voltages": [0.0, -2.0, -4.0, -6.0, -8.0, -10.0, -12.0, -14.0, -16.0, -18.0]}