{"measurements": {"I1": 7.00708e-08, "keithley": -1.73687e-06, "I3": 6.98194e-08, "I2": 6.70046e-08, "I4": 6.93492e-08}, "compliances": {"I1": 3e-06, "keithley": 0.0001, "I3": 3e-06, "I2": 3e-06, "I4": 3e-06}, "voltages": [0.0, -2.0, -4.0, -6.0, -8.0, -10.0, -12.0, -14.0, -16.0, -18.0, -20.0, -22.0]}