{"measurements": {"I1": 1.2847e-10, "keithley": -1.36193e-08, "I3": 1.0273e-10, "I2": 6.96292e-09, "I4": 1.1554e-10}, "compliances": {"I1": 3e-06, "keithley": 0.0001, "I3": 3e-06, "I2": 3e-06, "I4": 3e-06}, "voltages": [0.0, -2.0, -4.0]}