{"measurements": {"I1": 1.16207e-07, "keithley": -2.93626e-06, "I3": 1.19749e-07, "I2": 1.17686e-07, "I4": 1.1693e-07}, "compliances": {"I1": 3e-06, "keithley": 0.0001, "I3": 3e-06, "I2": 3e-06, "I4": 3e-06}, "voltages": [0.0, -2.0833333333333335, -4.166666666666667, -6.25, -8.333333333333334, -10.416666666666668, -12.5, -14.583333333333334, -16.666666666666668, -18.75, -20.833333333333336, -22.916666666666668, -25.0, -27.083333333333336, -29.166666666666668, -31.250000000000004, -33.333333333333336, -35.41666666666667, -37.5, -39.583333333333336, -41.66666666666667, -43.75, -45.833333333333336, -47.91666666666667, -50.0, -52.083333333333336, -54.16666666666667, -56.25000000000001, -58.333333333333336, -60.41666666666667, -62.50000000000001, -64.58333333333334, -66.66666666666667, -68.75, -70.83333333333334, -72.91666666666667, -75.0, -77.08333333333334, -79.16666666666667, -81.25, -83.33333333333334, -85.41666666666667, -87.5, -89.58333333333334, -91.66666666666667]}