{"measurements": {"I1": 2.10917e-06, "keithley": -4.61022e-05, "I3": 2.38869e-06, "I2": 2.47312e-06, "I4": 2.70474e-06}, "compliances": {"I1": 3e-06, "keithley": 0.0001, "I3": 3e-06, "I2": 3e-06, "I4": 3e-06}, "voltages": [0.0, -2.0833333333333335, -4.166666666666667]}