{"measurements": {"I1": 1.85888e-09, "keithley": -4.52189e-08, "I3": 1.83693e-09, "I2": 1.78421e-09, "I4": 1.8012e-09}, "compliances": {"I1": 3e-06, "keithley": 0.0001, "I3": 3e-06, "I2": 3e-06, "I4": 3e-06}, "voltages": [0.0, -2.0, -4.0, -6.0, -8.0, -10.0]}