{"measurements": {"I1": 1.33558e-07, "keithley": -3.3385e-06, "I3": 1.35195e-07, "I2": 1.34972e-07, "I4": 1.33757e-07}, "compliances": {"I1": 2e-06, "keithley": 0.0001, "I3": 2e-06, "I2": 2e-06, "I4": 2e-06}, "voltages": [0.0, -2.2857142857142856, -4.571428571428571, -6.857142857142857, -9.142857142857142, -11.428571428571427, -13.714285714285714, -16.0, -18.285714285714285, -20.57142857142857, -22.857142857142854, -25.142857142857142, -27.428571428571427, -29.71428571428571, -32.0, -34.285714285714285, -36.57142857142857, -38.857142857142854, -41.14285714285714, -43.42857142857142, -45.71428571428571, -48.0, -50.285714285714285, -52.57142857142857, -54.857142857142854, -57.14285714285714, -59.42857142857142, -61.71428571428571, -64.0, -66.28571428571428, -68.57142857142857, -70.85714285714285, -73.14285714285714, -75.42857142857143, -77.71428571428571, -80.0, -82.28571428571428, -84.57142857142857, -86.85714285714285, -89.14285714285714, -91.42857142857142]}