{"measurements": {"I1": 3.00074e-06, "keithley": -8.36221e-05, "I3": 2.99997e-06, "I2": 3.00046e-06, "I4": 3.00005e-06}, "compliances": {"I1": 3e-06, "keithley": 0.0001, "I3": 3e-06, "I2": 3e-06, "I4": 3e-06}, "voltages": [0.0, -2.0833333333333335, -4.166666666666667, -6.25, -8.333333333333334, -10.416666666666668, -12.5, -14.583333333333334, -16.666666666666668, -18.75, -20.833333333333336]}