{"measurements": {"I1": 1.36253e-06, "keithley": -2.1298e-06, "I3": 8.62562e-08, "I2": 5.9404e-07, "I4": 8.65088e-08}, "compliances": {"I1": 2e-05, "keithley": 0.0001, "I3": 1e-06, "I2": 2e-05, "I4": 1e-06}, "voltages": [0.0, -2.0, -4.0, -6.0, -8.0, -10.0, -12.0, -14.0, -16.0, -18.0, -20.0, -22.0, -24.0, -26.0, -28.0]}