{"measurements": {"I1": 3.09327e-09, "keithley": -3.4171e-05, "I3": 3.31076e-09, "I2": 7.28634e-09, "I4": 3.09959e-09}, "compliances": {"I1": 3e-06, "keithley": 0.0001, "I3": 3e-06, "I2": 3e-06, "I4": 3e-06}, "voltages": [0.0, -2.0, -4.0, -6.0, -8.0, -10.0, -12.0]}