{"measurements": {"I1": 2.44294e-06, "keithley": -4.24343e-06, "I3": 9.0528e-08, "I2": 1.62308e-06, "I4": 9.20998e-08}, "compliances": {"I1": 2e-05, "keithley": 0.0001, "I3": 1e-06, "I2": 1e-05, "I4": 1e-06}, "voltages": [0.0, -2.0, -4.0, -6.0, -8.0, -10.0, -12.0, -14.0, -16.0, -18.0, -20.0, -22.0, -24.0, -26.0, -28.0, -30.0, -32.0, -34.0, -36.0, -38.0, -40.0, -42.0, -44.0, -46.0, -48.0, -50.0]}