{"measurements": {"I1": 8.84491e-08, "keithley": -3.57745e-07, "I3": 8.99072e-08, "I2": 5.9802e-10, "I4": 8.83871e-08}, "compliances": {"I1": 3e-06, "keithley": 1e-05, "I3": 3e-06, "I2": 3e-06, "I4": 3e-06}, "voltages": [0.0, -2.0, -4.0, -6.0, -8.0, -10.0, -12.0, -14.0, -16.0, -18.0, -20.0, -22.0, -24.0, -26.0, -28.0, -30.0, -32.0, -34.0, -36.0, -38.0, -40.0, -42.0, -44.0, -46.0, -48.0, -50.0, -52.0, -54.0, -56.0, -58.0, -60.0]}