{"measurements": {"I1": 3.00081e-06, "keithley": -8.31086e-05, "I3": 3.00025e-06, "I2": 3.00071e-06, "I4": 3.00031e-06}, "compliances": {"I1": 3e-06, "keithley": 0.0001, "I3": 3e-06, "I2": 3e-06, "I4": 3e-06}, "voltages": [0.0, -2.2857142857142856, -4.571428571428571, -6.857142857142857, -9.142857142857142, -11.428571428571427, -13.714285714285714, -16.0, -18.285714285714285, -20.57142857142857, -22.857142857142854, -25.142857142857142, -27.428571428571427, -29.71428571428571, -32.0, -34.285714285714285, -36.57142857142857, -38.857142857142854, -41.14285714285714, -43.42857142857142, -45.71428571428571, -48.0, -50.285714285714285, -52.57142857142857, -54.857142857142854, -57.14285714285714, -59.42857142857142, -61.71428571428571, -64.0, -66.28571428571428, -68.57142857142857, -70.85714285714285, -73.14285714285714, -75.42857142857143, -77.71428571428571, -80.0, -82.28571428571428, -84.57142857142857, -86.85714285714285, -89.14285714285714, -91.42857142857142, -93.71428571428571, -96.0, -98.28571428571428, -100.57142857142857, -102.85714285714285, -105.14285714285714, -107.42857142857142, -109.71428571428571, -112.0, -114.28571428571428, -116.57142857142857, -118.85714285714285, -121.14285714285714, -123.42857142857142, -125.71428571428571, -128.0, -130.28571428571428, -132.57142857142856, -134.85714285714286, -137.14285714285714, -139.42857142857142, -141.7142857142857, -144.0, -146.28571428571428, -148.57142857142856, -150.85714285714286, -153.14285714285714, -155.42857142857142, -157.7142857142857, -160.0, -162.28571428571428, -164.57142857142856, -166.85714285714286, -169.14285714285714, -171.42857142857142, -173.7142857142857, -176.0, -178.28571428571428, -180.57142857142856, -182.85714285714283, -185.14285714285714, -187.42857142857142, -189.7142857142857, -192.0, -194.28571428571428, -196.57142857142856, -198.85714285714283, -201.14285714285714, -203.42857142857142, -205.7142857142857, -208.0, -210.28571428571428, -212.57142857142856, -214.85714285714283, -217.14285714285714, -219.42857142857142, -221.7142857142857, -224.0, -226.28571428571428, -228.57142857142856, -230.85714285714283, -233.14285714285714, -235.42857142857142, -237.7142857142857, -240.0, -242.28571428571428, -244.57142857142856, -246.85714285714283, -249.14285714285714, -251.42857142857142, -253.7142857142857, -256.0, -258.2857142857143, -260.57142857142856, -262.85714285714283, -265.1428571428571, -267.4285714285714, -269.7142857142857, -272.0, -274.2857142857143, -276.57142857142856, -278.85714285714283, -281.1428571428571, -283.4285714285714, -285.7142857142857, -288.0, -290.2857142857143, -292.57142857142856, -294.85714285714283, -297.1428571428571, -299.4285714285714, -301.7142857142857, -304.0, -306.2857142857143, -308.57142857142856, -310.85714285714283, -313.1428571428571, -315.4285714285714]}