{"measurements": {"I1": 1.76358e-06, "keithley": -2.75567e-06, "I3": 1.11496e-07, "I2": 7.67832e-07, "I4": 1.11818e-07}, "compliances": {"I1": 2e-05, "keithley": 0.0001, "I3": 1e-06, "I2": 2e-05, "I4": 1e-06}, "voltages": [0.0, -2.0, -4.0, -6.0, -8.0, -10.0, -12.0, -14.0, -16.0, -18.0, -20.0, -22.0, -24.0, -26.0, -28.0, -30.0, -32.0, -34.0, -36.0, -38.0, -40.0, -42.0, -44.0, -46.0, -48.0, -50.0, -52.0, -54.0, -56.0, -58.0, -60.0, -62.0, -64.0, -66.0]}