{"measurements": {"I1": 8.27199e-08, "keithley": -2.54593e-06, "I3": 9.01411e-08, "I2": 8.74941e-08, "I4": 8.7279e-08}, "compliances": {"I1": 3e-06, "keithley": 0.0001, "I3": 3e-06, "I2": 3e-06, "I4": 3e-06}, "voltages": [0.0, -2.0, -4.0, -6.0, -8.0, -10.0, -12.0, -14.0, -16.0, -18.0, -20.0, -22.0, -24.0, -26.0, -28.0, -30.0, -32.0, -34.0, -36.0, -38.0]}