{"measurements": {"I1": 3.31851e-09, "keithley": -8.16396e-08, "I3": 3.21601e-09, "I2": 3.14294e-09, "I4": 3.12436e-09}, "compliances": {"I1": 3e-06, "keithley": 0.0001, "I3": 3e-06, "I2": 3e-06, "I4": 3e-06}, "voltages": [0.0, -2.0, -4.0, -6.0, -8.0, -10.0, -12.0]}