{"measurements": {"I1": 6.41965e-09, "keithley": -1.72595e-07, "I3": 6.5134e-09, "I2": 1.48706e-08, "I4": 6.41765e-09}, "compliances": {"I1": 3e-06, "keithley": 0.0001, "I3": 3e-06, "I2": 3e-06, "I4": 3e-06}, "voltages": [0.0, -2.0, -4.0, -6.0, -8.0, -10.0, -12.0, -14.0]}