{"measurements": {"I1": 4.0513e-10, "keithley": -9.99942e-06, "I3": 4.292e-10, "I2": 3.75535e-09, "I4": 4.0678e-10}, "compliances": {"I1": 3e-06, "keithley": 1e-05, "I3": 3e-06, "I2": 3e-06, "I4": 3e-06}, "voltages": [0.0, -2.0, -4.0, -6.0, -8.0, -10.0]}