{"measurements": {"I1": 2.1713e-08, "keithley": -5.28521e-07, "I3": 2.06545e-08, "I2": 2.02185e-08, "I4": 2.12466e-08}, "compliances": {"I1": 3e-06, "keithley": 0.0001, "I3": 3e-06, "I2": 3e-06, "I4": 3e-06}, "voltages": [0.0, -2.0, -4.0, -6.0, -8.0, -10.0, -12.0, -14.0, -16.0, -18.0]}