{"measurements": {"I1": 1.1868e-08, "keithley": -6.50678e-07, "I3": 1.21614e-08, "I2": 3.98688e-07, "I4": 1.19765e-08}, "compliances": {"I1": 3e-06, "keithley": 0.0001, "I3": 3e-06, "I2": 3e-06, "I4": 3e-06}, "voltages": [0.0, -2.0, -4.0, -6.0, -8.0, -10.0, -12.0, -14.0, -16.0]}