{"measurements": {"I1": -1.61e-12, "keithley": -1.04206e-08, "I3": 2.875e-11, "I2": 1.33188e-09, "I4": 7.65e-12}, "compliances": {"I1": 3e-06, "keithley": 1e-05, "I3": 3e-06, "I2": 3e-06, "I4": 3e-06}, "voltages": [0.0]}