{"measurements": {"I1": 4.51124e-08, "keithley": -1.13488e-06, "I3": 4.57384e-08, "I2": 4.57394e-08, "I4": 4.47095e-08}, "compliances": {"I1": 1e-06, "keithley": 0.0001, "I3": 1e-06, "I2": 1e-06, "I4": 1e-06}, "voltages": [0.0, -2.2857142857142856, -4.571428571428571, -6.857142857142857, -9.142857142857142, -11.428571428571427, -13.714285714285714, -16.0, -18.285714285714285, -20.57142857142857]}