{"measurements": {"I1": 4.2295e-10, "keithley": -9.99939e-06, "I3": 4.5454e-10, "I2": 3.54177e-09, "I4": 4.3207e-10}, "compliances": {"I1": 3e-06, "keithley": 1e-05, "I3": 3e-06, "I2": 3e-06, "I4": 3e-06}, "voltages": [0.0, -2.0, -4.0, -6.0, -8.0, -10.0, -12.0]}