{"measurements": {"I1": 2.90273e-07, "keithley": -7.25947e-06, "I3": 2.94219e-07, "I2": 2.92375e-07, "I4": 2.91373e-07}, "compliances": {"I1": 3e-06, "keithley": 0.0001, "I3": 3e-06, "I2": 3e-06, "I4": 3e-06}, "voltages": [0.0, -2.2857142857142856, -4.571428571428571, -6.857142857142857, -9.142857142857142, -11.428571428571427, -13.714285714285714, -16.0, -18.285714285714285, -20.57142857142857, -22.857142857142854, -25.142857142857142, -27.428571428571427, -29.71428571428571, -32.0, -34.285714285714285, -36.57142857142857, -38.857142857142854, -41.14285714285714, -43.42857142857142, -45.71428571428571, -48.0, -50.285714285714285, -52.57142857142857, -54.857142857142854, -57.14285714285714, -59.42857142857142, -61.71428571428571, -64.0, -66.28571428571428, -68.57142857142857, -70.85714285714285, -73.14285714285714, -75.42857142857143, -77.71428571428571, -80.0, -82.28571428571428, -84.57142857142857, -86.85714285714285, -89.14285714285714, -91.42857142857142, -93.71428571428571, -96.0, -98.28571428571428, -100.57142857142857, -102.85714285714285, -105.14285714285714, -107.42857142857142, -109.71428571428571, -112.0, -114.28571428571428, -116.57142857142857, -118.85714285714285, -121.14285714285714, -123.42857142857142, -125.71428571428571, -128.0, -130.28571428571428, -132.57142857142856, -134.85714285714286, -137.14285714285714, -139.42857142857142, -141.7142857142857, -144.0, -146.28571428571428, -148.57142857142856, -150.85714285714286, -153.14285714285714, -155.42857142857142, -157.7142857142857, -160.0, -162.28571428571428, -164.57142857142856, -166.85714285714286, -169.14285714285714, -171.42857142857142, -173.7142857142857, -176.0, -178.28571428571428, -180.57142857142856, -182.85714285714283, -185.14285714285714]}