{"measurements": {"I1": 3.52284e-08, "keithley": -9.16557e-07, "I3": 3.75136e-08, "I2": 3.72169e-08, "I4": 3.59618e-08}, "compliances": {"I1": 3e-06, "keithley": 0.0001, "I3": 3e-06, "I2": 3e-06, "I4": 3e-06}, "voltages": [0.0, -2.0, -4.0, -6.0, -8.0, -10.0, -12.0, -14.0, -16.0, -18.0, -20.0]}