{"measurements": {"I1": 8.60603e-08, "keithley": -2.14984e-06, "I3": 8.70728e-08, "I2": 8.70638e-08, "I4": 8.61291e-08}, "compliances": {"I1": 2e-06, "keithley": 0.0001, "I3": 2e-06, "I2": 2e-06, "I4": 2e-06}, "voltages": [0.0, -2.2857142857142856, -4.571428571428571, -6.857142857142857, -9.142857142857142, -11.428571428571427, -13.714285714285714, -16.0, -18.285714285714285, -20.57142857142857, -22.857142857142854, -25.142857142857142, -27.428571428571427]}