{"measurements": {"I1": 1.0384e-10, "keithley": -1.41847e-09, "I3": 9.147e-11, "I2": 1.8612e-10, "I4": 1.1306e-10}, "compliances": {"I1": 3e-06, "keithley": 0.0001, "I3": 3e-06, "I2": 3e-06, "I4": 3e-06}, "voltages": [0.0, -2.0833333333333335]}