{"measurements": {"I1": 7.78057e-08, "keithley": -1.97282e-06, "I3": 8.05121e-08, "I2": 7.91417e-08, "I4": 7.83716e-08}, "compliances": {"I1": 3e-06, "keithley": 0.0001, "I3": 3e-06, "I2": 3e-06, "I4": 3e-06}, "voltages": [0.0, -2.0833333333333335, -4.166666666666667, -6.25, -8.333333333333334, -10.416666666666668, -12.5, -14.583333333333334, -16.666666666666668, -18.75, -20.833333333333336, -22.916666666666668, -25.0, -27.083333333333336, -29.166666666666668, -31.250000000000004, -33.333333333333336]}