{"measurements": {"I1": 1.012e-11, "keithley": -1.05056e-08, "I3": -9.02e-12, "I2": 1.35506e-09, "I4": 1.649e-11}, "compliances": {"I1": 3e-06, "keithley": 1e-05, "I3": 3e-06, "I2": 3e-06, "I4": 3e-06}, "voltages": [0.0]}