{"measurements": {"I1": 4.0233e-10, "keithley": -9.99944e-06, "I3": 4.2622e-10, "I2": 3.60479e-09, "I4": 4.0755e-10}, "compliances": {"I1": 3e-06, "keithley": 1e-05, "I3": 3e-06, "I2": 3e-06, "I4": 3e-06}, "voltages": [0.0, -2.0, -4.0, -6.0, -8.0, -10.0, -12.0, -14.0]}