{"measurements": {"I1": 7.86653e-08, "keithley": -3.16849e-07, "I3": 7.79462e-08, "I2": 7.93882e-08, "I4": 5.9375e-10}, "compliances": {"I1": 3e-06, "keithley": 1e-05, "I3": 3e-06, "I2": 3e-06, "I4": 3e-06}, "voltages": [0.0, -2.0, -4.0, -6.0, -8.0, -10.0, -12.0, -14.0, -16.0, -18.0, -20.0, -22.0, -24.0, -26.0, -28.0, -30.0, -32.0, -34.0, -36.0, -38.0, -40.0]}