{"measurements": {"I1": 3.53936e-09, "keithley": -8.70971e-08, "I3": 3.49234e-09, "I2": 3.4012e-09, "I4": 3.40753e-09}, "compliances": {"I1": 3e-06, "keithley": 0.0001, "I3": 3e-06, "I2": 3e-06, "I4": 3e-06}, "voltages": [0.0, -2.0, -4.0, -6.0, -8.0, -10.0, -12.0]}