{"measurements": {"I1": 3.00077e-06, "keithley": -9.99819e-05, "I3": 2.99995e-06, "I2": 3.00042e-06, "I4": 3.00004e-06}, "compliances": {"I1": 3e-06, "keithley": 0.0001, "I3": 3e-06, "I2": 3e-06, "I4": 3e-06}, "voltages": [0.0, -2.0, -4.0, -6.0, -8.0, -10.0, -12.0, -14.0, -16.0, -18.0, -20.0, -22.0]}