{"measurements": {"I1": 2.74477e-08, "keithley": -4.38749e-08, "I3": 1.77252e-09, "I2": 1.3067e-08, "I4": 1.76219e-09}, "compliances": {"I1": 2e-05, "keithley": 0.0001, "I3": 1e-06, "I2": 2e-05, "I4": 1e-06}, "voltages": [0.0, -2.0, -4.0, -6.0, -8.0, -10.0]}