{"measurements": {"I1": 8.7006e-10, "keithley": -5.12151e-09, "I3": 2.1418e-09, "I2": 1.11144e-09, "I4": 9.8967e-10}, "compliances": {"I1": 3e-06, "keithley": 1e-05, "I3": 3e-06, "I2": 3e-06, "I4": 3e-06}, "voltages": [0.0, -2.0, -4.0, -6.0, -8.0]}