{"measurements": {"I1": 2.396e-11, "keithley": -1.12576e-09, "I3": 1.2e-13, "I2": 1.15317e-09, "I4": 2.2e-13}, "compliances": {"I1": 1e-06, "keithley": 1e-05, "I3": 1e-06, "I2": 1e-06, "I4": 1e-06}, "voltages": [0.0, 0.0, 0.0, 0.0]}