{"Voltage": -913.6363636363637, "chan1": 4.0339466347541994e-07, "chan2": -4.405126541571732e-06, "chan3": 0.07502946630686352, "chan4": -5829.838857727955, "chan5": -1.6880932357020341e-06, "chan6": 1.8350345903862657e-05, "chan7": 0.022884305624993384, "chan8": 1413.2334030733236, "chan9": -2.378445734992068e-07, "chan10": -5.2634902605760036e-05, "chan11": -0.024685710592628404, "chan12": 1094.6887160915248, "chan13": 7.505778674048863e-07, "chan14": -4.834338694525183e-05, "chan15": 0.01828049090449008, "chan16": 4026.2979538377167, "chan17": -2.5143709560310866e-06, "chan18": -2.8624723129449694e-05, "chan19": -0.0020125233854660987, "chan20": 16063.661343520129, "chan21": 5.5695183753267184e-06, "chan22": 4.212735978321717e-05, "chan23": 0.041378702323970604, "chan24": -6294.026806730219, "chan25": -1.0693656463462073e-06, "chan26": 1.904705015083762e-05, "chan27": 0.0016616863025143008, "chan28": -13358.63059678277}