{"Voltage": -0.75, "U": 1.0604444444444444e-10, "Ch14": 1.1666666666666606e-10, "Ch12": -1.14355555555557e-10, "A": -4.129293333333333e-08, "keithley0": -1.38669e-05, "P": 1.425777777777774e-10, "Ch13": 1.4408888888888952e-10, "B": -5.109777777777762e-10, "Ch6": -4.133128888888889e-08, "keithley1": -2.46902e-05, "N": 2.203111111111114e-10, "Ch11": 2.3271111111111025e-10, "F": -1.1728888888889123e-10, "W": -4.129448888888889e-08, "keithley2": -1.38521e-05, "M": 1.9137777777777748e-10, "Ch7": 2.031111111111111e-10, "Ch19": -3.392444444444432e-10, "AA": -4.112977777777778e-08, "keithley3": -1.39371e-05, "H": 2.0777777777777754e-10, "V": 2.175111111111122e-10, "Ch24": 2.825333333333356e-10, "BB": -4.1182222222222226e-08, "keithley4": -1.39409e-05, "Ch18": 2.0279999999999934e-10, "Ch23": 2.0831111111111104e-10, "Ch1": 3.7822222222222023e-10, "Ch2": -4.110622222222222e-08, "keithley5": -1.36992e-05, "pass-guard": 2.2697777777777847e-10, "pass-empty": -1.249333333333336e-10, "E": -4.10512e-08, "keithley6": -1.38925e-05}