{"Voltage": -95.45454545454547, "chan1": -1.487766719990226e-06, "chan2": -4.932862294084833e-05, "chan3": -0.041766483792850966, "chan4": 10050.39315970322, "chan5": -5.124386257392444e-07, "chan6": 4.6054278056263496e-05, "chan7": 0.02508769847384397, "chan8": -12855.613741645173, "chan9": -7.160298677952433e-07, "chan10": 3.019585771152544e-05, "chan11": -0.0206778383715083, "chan12": 11831.688515769696, "chan13": 1.8162649424925678e-06, "chan14": 3.92883478355457e-05, "chan15": -0.052890449030387025, "chan16": 10436.659009775449, "chan17": 6.644643514173053e-07, "chan18": -5.3639861166020946e-06, "chan19": 0.00209696891366587, "chan20": -4463.24595480316, "chan21": -3.4191146727460275e-06, "chan22": 5.6273075824711156e-05, "chan23": 0.07614048482943252, "chan24": -7357.287146009405, "chan25": -7.062007417369341e-07, "chan26": -3.780491144256243e-05, "chan27": -0.01213348121188753, "chan28": -13756.59366828487}