{"Voltage": -95.45454545454547, "U": 1.097777777777756e-11, "Ch14": 2.106666666666651e-11, "Ch12": 1.4800000000000238e-10, "A": -1.7151111111111133e-10, "keithley0": -6.08049e-13, "P": -1.2888888888888982e-11, "Ch13": -3.515555555555586e-11, "B": -1.7862222222222021e-10, "Ch6": -3.4906666666666786e-10, "keithley1": -5.5847e-13, "N": 1.3111111111110721e-11, "Ch11": 7.288888888888919e-12, "F": 1.6177777777777667e-10, "W": 3.3155555555553594e-11, "keithley2": -6.04596e-13, "M": -4.8444444444448275e-12, "Ch7": -2.311111111110717e-12, "Ch19": -5.7164444444444e-10, "AA": -2.961333333333332e-10, "keithley3": -5.60146e-13, "H": 1.9999999999997863e-12, "V": -1.0533333333333256e-11, "Ch24": -2.559111111111091e-10, "BB": -3.226666666666664e-11, "keithley4": -6.18172e-13, "Ch18": -3.5555555555544404e-12, "Ch23": 1.8177777777777288e-11, "Ch1": 7.155555555555214e-11, "Ch2": 1.7448888888888727e-10, "keithley5": -5.12423e-13, "pass-guard": 4.444444444500953e-14, "pass-empty": 2.6764444444444603e-10, "E": 1.928888888888896e-10, "keithley6": -5.57119e-13}