{"Voltage": -72.72727272727273, "chan1": -2.2541961938727967e-06, "chan2": 4.012329242963975e-05, "chan3": 0.02353717703295248, "chan4": 12363.042053321227, "chan5": -3.0741498052174012e-06, "chan6": 4.128774793185751e-06, "chan7": -0.03789478757985562, "chan8": -13213.064437403034, "chan9": -1.9288272985031916e-06, "chan10": -4.493700473450727e-06, "chan11": 0.07121104924150032, "chan12": -7887.800060920397, "chan13": 2.317026987377359e-06, "chan14": 3.955514782020697e-05, "chan15": 0.06302492839275436, "chan16": 3304.0796816986267, "chan17": 2.138748325574767e-06, "chan18": 2.0720836995243105e-05, "chan19": -0.07081221001151841, "chan20": 17510.48915511655, "chan21": -1.3569332232576969e-06, "chan22": -5.746892190991925e-06, "chan23": -0.06140206570349312, "chan24": 11665.009824099974, "chan25": 1.4099966003543558e-06, "chan26": 2.9745205316135113e-05, "chan27": 0.010860932807616602, "chan28": -17900.5935528168}