{"Voltage": -95.45454545454547, "chan1": -3.61499509150143e-07, "chan2": -6.160380819596455e-05, "chan3": -0.010822781949637046, "chan4": 17242.315380774657, "chan5": -3.3646516911502043e-06, "chan6": -4.889362278393182e-05, "chan7": 0.062447494732506215, "chan8": 1961.4925749004342, "chan9": 1.0794845819445454e-06, "chan10": 4.4244519092573124e-05, "chan11": 0.024792819568491532, "chan12": -3385.8472243824654, "chan13": -1.362152436180449e-06, "chan14": 3.5062121774307086e-05, "chan15": -0.002118326910987539, "chan16": -2794.765685507831, "chan17": 5.73769151995356e-07, "chan18": 1.2828023135135887e-05, "chan19": 0.08426724207146716, "chan20": -323.7213893519547, "chan21": 7.587573922514518e-07, "chan22": -4.606561971421511e-05, "chan23": -0.07266763654371744, "chan24": 14122.397251810473, "chan25": -2.919887964501156e-06, "chan26": 5.3945677933322604e-05, "chan27": 0.00602348706443584, "chan28": -5366.559954779546}