{"Voltage": -86.36363636363637, "chan1": 1.0988909757076593e-06, "chan2": 4.5098729899298507e-07, "chan3": -0.042413722274042706, "chan4": 17791.57153949887, "chan5": -3.3533016181807114e-06, "chan6": 5.337327661504144e-06, "chan7": 0.00020384964992933852, "chan8": 6325.777106321584, "chan9": 3.974183734948318e-07, "chan10": 4.611370739109307e-06, "chan11": 0.0507410754750527, "chan12": -2720.304273260397, "chan13": 1.6678815889834538e-06, "chan14": 2.903639834923386e-05, "chan15": -0.026614526498691716, "chan16": 9340.78945855415, "chan17": 7.353772576837531e-07, "chan18": -1.219577525809342e-05, "chan19": 0.03171452588379976, "chan20": 9468.448915180887, "chan21": -2.5696012283609188e-06, "chan22": -3.1543511597144564e-05, "chan23": 0.013802720857427897, "chan24": -9995.921421682271, "chan25": -1.7617920014661344e-06, "chan26": -3.074482371271099e-05, "chan27": 0.006059890804527762, "chan28": 2171.6700412657665}